Commune;Classement
ANTIBES;Mer
BEAULIEU-SUR-MER;Mer
CAGNES-SUR-MER;Mer
CANNES;Mer
CAP-D'AIL;Mer
EZE;Mer
MANDELIEU-LA-NAPOULE;Mer
MENTON;Mer
NICE;Mer
ROQUEBRUNE-CAP-MARTIN;Mer
SAINT-JEAN-CAP-FERRAT;Mer
SAINT-LAURENT-DU-VAR;Mer
THEOULE-SUR-MER;Mer
VALLAURIS;Mer
VILLEFRANCHE-SUR-MER;Mer
VILLENEUVE-LOUBET;Mer
BAGES;Mer
FITOU;Mer
FLEURY;Mer
GRUISSAN;Mer
LA PALME;Mer
LEUCATE;Mer
NARBONNE;Mer
PORT-LA-NOUVELLE;Mer
PEYRIAC-DE-MER;Mer
SIGEAN;Mer
ARLES;Mer
BERRE-L'ETANG;Mer
CARRY-LE-ROUET;Mer
CASSIS;Mer
CHATEAUNEUF-LES-MARTIGUES;Mer
LA CIOTAT;Mer
ENSUES-LA-REDONNE;Mer
FOS-SUR-MER;Mer
ISTRES;Mer
MARIGNANE;Mer
MARSEILLE;Mer
MARTIGUES;Mer
MIRAMAS;Mer
PORT-DE-BOUC;Mer
PORT-SAINT-LOUIS-DU-RHïNE;Mer
ROGNAC;Mer
LE ROVE;Mer
SAINT-CHAMAS;Mer
SAINTES-MARIES-DE-LA-MER;Mer
SAINT-MITRE-LES-REMPARTS;Mer
SAUSSET-LES-PINS;Mer
VITROLLES;Mer
ABLON;Mer
AMFREVILLE;Mer
ARROMANCHES-LES-BAINS;Mer
ASNELLES;Mer
AUBERVILLE;Mer
BENERVILLE-SUR-MER;Mer
BERNIERES-SUR-MER;Mer
BLONVILLE-SUR-MER;Mer
CABOURG;Mer
COLLEVILLE-SUR-MER;Mer
COLLEVILLE-MONTGOMERY;Mer
COMMES;Mer
COURSEULLES-SUR-MER;Mer
CRICQUEBOEUF;Mer
CRICQUEVILLE-EN-BESSIN;Mer
DEAUVILLE;Mer
DIVES-SUR-MER;Mer
ENGLESQUEVILLE-LA-PERCEE;Mer
GEFOSSE-FONTENAY;Mer
GONNEVILLE-SUR-MER;Mer
GRANDCAMP-MAISY;Mer
GRAYE-SUR-MER;Mer
HERMANVILLE-SUR-MER;Mer
HONFLEUR;Mer
HOULGATE;Mer
LANGRUNE-SUR-MER;Mer
LION-SUR-MER;Mer
LONGUES-SUR-MER;Mer
LOUVIERES;Mer
LUC-SUR-MER;Mer
MANVIEUX;Mer
MERVILLE-FRANCEVILLE-PLAGE;Mer
MEUVAINES;Mer
OUISTREHAM;Mer
PENNEDEPIE;Mer
PORT-EN-BESSIN-HUPPAIN;Mer
RANVILLE;Mer
LA RIVIERE-SAINT-SAUVEUR;Mer
SAINT-AUBIN-SUR-MER;Mer
SAINT-CïME-DE-FRESNE;Mer
SAINTE-HONORINE-DES-PERTES;Mer
SAINT-LAURENT-SUR-MER;Mer
SAINT-PIERRE-DU-MONT;Mer
SALLENELLES;Mer
TOURGEVILLE;Mer
TRACY-SUR-MER;Mer
TROUVILLE-SUR-MER;Mer
VARAVILLE;Mer
VER-SUR-MER;Mer
VIERVILLE-SUR-MER;Mer
VILLERS-SUR-MER;Mer
VILLERVILLE;Mer
FORMIGNY LA BATAILLE;Mer
AURE SUR MER;Mer
ILE-D'AIX;Mer
ANGOULINS;Mer
ARS-EN-RE;Mer
ARVERT;Mer
AYTRE;Mer
LE BOIS-PLAGE-EN-RE;Mer
BOURCEFRANC-LE-CHAPUS;Mer
BREUILLET;Mer
CHAILLEVETTE;Mer
CHARRON;Mer
LE CHATEAU-D'OLERON;Mer
CHATELAILLON-PLAGE;Mer
LA COUARDE-SUR-MER;Mer
DOLUS-D'OLERON;Mer
L'EGUILLE;Mer
ESNANDES;Mer
ETAULES;Mer
LA FLOTTE;Mer
FOURAS;Mer
LE GUA;Mer
HIERS-BROUAGE;Mer
L'HOUMEAU;Mer
LOIX;Mer
MARENNES;Mer
MARSILLY;Mer
LES MATHES;Mer
MOèZE;Mer
MORNAC-SUR-SEUDRE;Mer
NIEUL-SUR-MER;Mer
NIEULLE-SUR-SEUDRE;Mer
LES PORTES-EN-RE;Mer
RIVEDOUX-PLAGE;Mer
LA ROCHELLE;Mer
ROYAN;Mer
SAINT-CLEMENT-DES-BALEINES;Mer
SAINT-DENIS-D'OLERON;Mer
SAINT-FROULT;Mer
SAINT-GEORGES-DE-DIDONNE;Mer
SAINT-GEORGES-D'OLERON;Mer
SAINT-JUST-LUZAC;Mer
SAINTE-MARIE-DE-RE;Mer
SAINT-MARTIN-DE-RE;Mer
SAINT-PALAIS-SUR-MER;Mer
SAINT-PIERRE-D'OLERON;Mer
SAINT-SULPICE-DE-ROYAN;Mer
SAINT-TROJAN-LES-BAINS;Mer
SAUJON;Mer
LA TREMBLADE;Mer
VAUX-SUR-MER;Mer
YVES;Mer
PORT-DES-BARQUES;Mer
LE GRAND-VILLAGE-PLAGE;Mer
LA BREE-LES-BAINS;Mer
MARENNES-HIERS-BROUAGE ;Mer
BINIC;Mer
ILE-DE-BREHAT;Mer
CREHEN;Mer
ERQUY;Mer
ETABLES-SUR-MER;Mer
HILLION;Mer
KERBORS;Mer
LANCIEUX;Mer
LANGROLAY-SUR-RANCE;Mer
LANGUEUX;Mer
LANMODEZ;Mer
LANNION;Mer
LEZARDRIEUX;Mer
LOUANNEC;Mer
MATIGNON;Mer
MORIEUX;Mer
PAIMPOL;Mer
PENVENAN;Mer
PERROS-GUIREC;Mer
PLANGUENOUAL;Mer
PLEBOULLE;Mer
FREHEL;Mer
PLENEUF-VAL-ANDRE;Mer
PLERIN;Mer
PLESTIN-LES-GREVES;Mer
PLEUBIAN;Mer
PLEUDANIEL;Mer
PLEUDIHEN-SUR-RANCE;Mer
PLEUMEUR-BODOU;Mer
PLEVENON;Mer
PLOUBALAY;Mer
PLOUBAZLANEC;Mer
PLOUèR-SUR-RANCE;Mer
PLOUEZEC;Mer
PLOUGRESCANT;Mer
PLOUGUIEL;Mer
PLOUHA;Mer
PLOULEC'H;Mer
PLOUMILLIAU;Mer
PLOURIVO;Mer
PLURIEN;Mer
PORDIC;Mer
SAINT-BRIEUC;Mer
SAINT-CAST-LE-GUILDO;Mer
SAINT-JACUT-DE-LA-MER;Mer
SAINT-MICHEL-EN-GREVE;Mer
SAINT-QUAY-PORTRIEUX;Mer
SAINT-SAMSON-SUR-RANCE;Mer
TREBEURDEN;Mer
TREDREZ-LOCQUEMEAU;Mer
TREDUDER;Mer
TREGASTEL;Mer
TREGON;Mer
TRELEVERN;Mer
TREVENEUC;Mer
TREVOU-TREGUIGNEC;Mer
LA VICOMTE-SUR-RANCE;Mer
YFFINIAC;Mer
BINIC-ETABLES-SUR-MER;Mer
LAMBALLE-ARMOR ;Mer
BEAUSSAIS-SUR-MER;Mer
FATOUVILLE-GRESTAIN;Mer
FIQUEFLEUR-EQUAINVILLE;Mer
ARGOL;Mer
AUDIERNE;Mer
BENODET;Mer
BEUZEC-CAP-SIZUN;Mer
BRELES;Mer
BREST;Mer
BRIGNOGAN-PLAGE;Mer
CAMARET-SUR-MER;Mer
CARANTEC;Mer
CLEDEN-CAP-SIZUN;Mer
CLEDER;Mer
CLOHARS-CARNOèT;Mer
COMBRIT;Mer
CONCARNEAU;Mer
LE CONQUET;Mer
CROZON;Mer
DAOULAS;Mer
DINEAULT;Mer
DIRINON;Mer
DOUARNENEZ;Mer
ESQUIBIEN;Mer
LE FAOU;Mer
LA FOREST-LANDERNEAU;Mer
LA FORET-FOUESNANT;Mer
FOUESNANT;Mer
GOULIEN;Mer
GOULVEN;Mer
GUILVINEC;Mer
GUIMAèC;Mer
GUIPAVAS;Mer
GUISSENY;Mer
HANVEC;Mer
HENVIC;Mer
HïPITAL-CAMFROUT;Mer
ILE-DE-BATZ;Mer
ILE-DE-SEIN;Mer
ILE-MOLENE;Mer
ILE-TUDY;Mer
KERLAZ;Mer
KERLOUAN;Mer
LAMPAUL-PLOUARZEL;Mer
LAMPAUL-PLOUDALMEZEAU;Mer
LANDEDA;Mer
LANDERNEAU;Mer
LANDEVENNEC;Mer
LANDUNVEZ;Mer
LANILDUT;Mer
LANNILIS;Mer
LANVEOC;Mer
LOCMARIA-PLOUZANE;Mer
LOCQUENOLE;Mer
LOCQUIREC;Mer
LOCTUDY;Mer
LOGONNA-DAOULAS;Mer
LOPERHET;Mer
MOèLAN-SUR-MER;Mer
MORLAIX;Mer
NEVEZ;Mer
OUESSANT;Mer
PENMARCH;Mer
PLOBANNALEC-LESCONIL;Mer
PLOEVEN;Mer
PLOGOFF;Mer
PLOMEUR;Mer
PLOMODIERN;Mer
PLONEVEZ-PORZAY;Mer
PLOUARZEL;Mer
PLOUDALMEZEAU;Mer
PLOUENAN;Mer
PLOUESCAT;Mer
PLOUEZOC'H;Mer
PLOUGASNOU;Mer
PLOUGASTEL-DAOULAS;Mer
PLOUGONVELIN;Mer
PLOUGOULM;Mer
PLOUGUERNEAU;Mer
PLOUGUIN;Mer
PLOUHINEC;Mer
PLOUIDER;Mer
PLOUMOGUER;Mer
PLOUNEOUR-TREZ;Mer
PLOUNEVEZ-LOCHRIST;Mer
PLOUVIEN;Mer
PLOUZANE;Mer
PLOVAN;Mer
PLOZEVET;Mer
PONT-AVEN;Mer
PONT-CROIX;Mer
PONT-L'ABBE;Mer
PORSPODER;Mer
POULDREUZIC;Mer
POULLAN-SUR-MER;Mer
PRIMELIN;Mer
LE RELECQ-KERHUON;Mer
RIEC-SUR-BELON;Mer
ROSCANVEL;Mer
ROSCOFF;Mer
ROSNOèN;Mer
SAINT-JEAN-DU-DOIGT;Mer
SAINT-JEAN-TROLIMON;Mer
SAINT-NIC;Mer
SAINT-PABU;Mer
SAINT-POL-DE-LEON;Mer
SANTEC;Mer
SIBIRIL;Mer
TAULE;Mer
TELGRUC-SUR-MER;Mer
TREBABU;Mer
TREFFIAGAT;Mer
TREFLEZ;Mer
TREGARVAN;Mer
TREGLONOU;Mer
TREGUENNEC;Mer
TREGUNC;Mer
TREOGAT;Mer
AUDIERNE;Mer
PLOUNEOUR-BRIGNOGAN-PLAGES;Mer
AJACCIO;Mer
ALATA;Mer
ALBITRECCIA;Mer
APPIETTO;Mer
BELVEDERE-CAMPOMORO;Mer
BONIFACIO;Mer
CALCATOGGIO;Mer
CARGESE;Mer
CASAGLIONE;Mer
COGGIA;Mer
CONCA;Mer
COTI-CHIAVARI;Mer
FIGARI;Mer
GROSSETO-PRUGNA;Mer
LECCI;Mer
MONACIA-D'AULLENE;Mer
OLMETO;Mer
OSANI;Mer
OTA;Mer
PARTINELLO;Mer
PIANA;Mer
PIANOTTOLI-CALDARELLO;Mer
PIETROSELLA;Mer
PORTO-VECCHIO;Mer
PROPRIANO;Mer
SARI-SOLENZARA;Mer
SARTENE;Mer
SERRA-DI-FERRO;Mer
SERRIERA;Mer
SANT'ANDREA-D'ORCINO;Mer
VICO;Mer
VILLANOVA;Mer
ZONZA;Mer
ALERIA;Mer
ALGAJOLA;Mer
AREGNO;Mer
BARRETTALI;Mer
BASTIA;Mer
BELGODERE;Mer
BIGUGLIA;Mer
BORGO;Mer
BRANDO;Mer
CAGNANO;Mer
CALENZANA;Mer
CALVI;Mer
CANALE-DI-VERDE;Mer
CANARI;Mer
CASTELLARE-DI-CASINCA;Mer
CENTURI;Mer
CERVIONE;Mer
CORBARA;Mer
ERSA;Mer
FARINOLE;Mer
FURIANI;Mer
GALERIA;Mer
GHISONACCIA;Mer
L'ILE-ROUSSE;Mer
LINGUIZZETTA;Mer
LUCCIANA;Mer
LUMIO;Mer
LURI;Mer
MERIA;Mer
MONTICELLO;Mer
MORSIGLIA;Mer
NONZA;Mer
OCCHIATANA;Mer
OGLIASTRO;Mer
OLMETA-DI-CAPOCORSO;Mer
PALASCA;Mer
PATRIMONIO;Mer
PENTA-DI-CASINCA;Mer
PIETRACORBARA;Mer
PINO;Mer
POGGIO-MEZZANA;Mer
PRUNELLI-DI-FIUMORBO;Mer
ROGLIANO;Mer
SERRA-DI-FIUMORBO;Mer
SISCO;Mer
SOLARO;Mer
SORBO-OCAGNANO;Mer
SAINT-FLORENT;Mer
SAN-GAVINO-DI-TENDA;Mer
SAN-GIULIANO;Mer
SAN-MARTINO-DI-LOTA;Mer
SANTA-LUCIA-DI-MORIANI;Mer
SANTA-MARIA-DI-LOTA;Mer
SANTA-MARIA-POGGIO;Mer
SAN-NICOLAO;Mer
SANTO-PIETRO-DI-TENDA;Mer
TAGLIO-ISOLACCIO;Mer
TALASANI;Mer
TALLONE;Mer
TOMINO;Mer
VALLE-DI-CAMPOLORO;Mer
VENTISERI;Mer
VENZOLASCA;Mer
VILLE-DI-PIETRABUGNO;Mer
AIGUES-MORTES;Mer
LE GRAU-DU-ROI;Mer
SAINT-LAURENT-D'AIGOUZE;Mer
ANDERNOS-LES-BAINS;Mer
ARCACHON;Mer
ARES;Mer
AUDENGE;Mer
BIGANOS;Mer
CARCANS;Mer
GRAYAN-ET-L'HïPITAL;Mer
GUJAN-MESTRAS;Mer
HOURTIN;Mer
LACANAU;Mer
LANTON;Mer
LEGE-CAP-FERRET;Mer
NAUJAC-SUR-MER;Mer
LE PORGE;Mer
SOULAC-SUR-MER;Mer
LE TEICH;Mer
LA TESTE-DE-BUCH;Mer
VENDAYS-MONTALIVET;Mer
VENSAC;Mer
LE VERDON-SUR-MER;Mer
AGDE;Mer
BALARUC-LES-BAINS;Mer
BALARUC-LE-VIEUX;Mer
BOUZIGUES;Mer
CANDILLARGUES;Mer
FRONTIGNAN;Mer
LANSARGUES;Mer
LATTES;Mer
LOUPIAN;Mer
MARSEILLAN;Mer
MARSILLARGUES;Mer
MAUGUIO;Mer
MEZE;Mer
MIREVAL;Mer
PALAVAS-LES-FLOTS;Mer
PEROLS;Mer
PORTIRAGNES;Mer
POUSSAN;Mer
SERIGNAN;Mer
SETE;Mer
VALRAS-PLAGE;Mer
VENDRES;Mer
VIAS;Mer
VIC-LA-GARDIOLE;Mer
VILLENEUVE-LES-MAGUELONE;Mer
LA GRANDE-MOTTE;Mer
CANCALE;Mer
CHERRUEIX;Mer
DINARD;Mer
HIREL;Mer
LE MINIHIC-SUR-RANCE;Mer
MONT-DOL;Mer
PLEURTUIT;Mer
LA RICHARDAIS;Mer
ROZ-SUR-COUESNON;Mer
SAINT-BENOëT-DES-ONDES;Mer
SAINT-BRIAC-SUR-MER;Mer
SAINT-BROLADRE;Mer
SAINT-COULOMB;Mer
SAINT-JOUAN-DES-GUERETS;Mer
SAINT-LUNAIRE;Mer
SAINT-MALO;Mer
SAINT-MELOIR-DES-ONDES;Mer
SAINT-PERE;Mer
SAINT-SULIAC;Mer
LA VILLE-ES-NONAIS;Mer
LE VIVIER-SUR-MER;Mer
BISCARROSSE;Mer
CAPBRETON;Mer
GASTES;Mer
LABENNE;Mer
LIT-ET-MIXE;Mer
MESSANGES;Mer
MIMIZAN;Mer
MOLIETS-ET-MAA;Mer
ONDRES;Mer
PARENTIS-EN-BORN;Mer
SAINTE-EULALIE-EN-BORN;Mer
SAINT-JULIEN-EN-BORN;Mer
SANGUINET;Mer
SEIGNOSSE;Mer
SOORTS-HOSSEGOR;Mer
SOUSTONS;Mer
TARNOS;Mer
VIELLE-SAINT-GIRONS;Mer
VIEUX-BOUCAU-LES-BAINS;Mer
ASSERAC;Mer
BATZ-SUR-MER;Mer
LA BERNERIE-EN-RETZ;Mer
LE CROISIC;Mer
LA BAULE-ESCOUBLAC;Mer
GUERANDE;Mer
MESQUER;Mer
LES MOUTIERS-EN-RETZ;Mer
PIRIAC-SUR-MER;Mer
LA PLAINE-SUR-MER;Mer
PORNIC;Mer
PORNICHET;Mer
LE POULIGUEN;Mer
PREFAILLES;Mer
SAINT-BREVIN-LES-PINS;Mer
SAINT-MICHEL-CHEF-CHEF;Mer
SAINT-NAZAIRE;Mer
LA TURBALLE;Mer
AGON-COUTAINVILLE;Mer
ANNEVILLE-SUR-MER;Mer
ANNOVILLE;Mer
AUDERVILLE;Mer
AUDOUVILLE-LA-HUBERT;Mer
AUMEVILLE-LESTRE;Mer
AVRANCHES;Mer
BARFLEUR;Mer
BARNEVILLE-CARTERET;Mer
BAUBIGNY;Mer
BEAUMONT-HAGUE;Mer
BEAUVOIR;Mer
BIVILLE;Mer
BLAINVILLE-SUR-MER;Mer
JULLOUVILLE;Mer
BREHAL;Mer
BRETTEVILLE;Mer
BRETTEVILLE-SUR-AY;Mer
BREVANDS;Mer
BREVILLE-SUR-MER;Mer
BRICQUEVILLE-SUR-MER;Mer
BRUCHEVILLE;Mer
CAROLLES;Mer
CEAUX;Mer
CHAMPEAUX;Mer
CHERBOURG-OCTEVILLE;Mer
COSQUEVILLE;Mer
COUDEVILLE-SUR-MER;Mer
COURTILS;Mer
CRASVILLE;Mer
CREANCES;Mer
DENNEVILLE;Mer
DIGOSVILLE;Mer
DIGULLEVILLE;Mer
DONVILLE-LES-BAINS;Mer
DRAGEY-RONTHON;Mer
ECULLEVILLE;Mer
EQUEURDREVILLE-HAINNEVILLE;Mer
FERMANVILLE;Mer
FLAMANVILLE;Mer
FONTENAY-SUR-MER;Mer
FOUCARVILLE;Mer
GATTEVILLE-LE-PHARE;Mer
GEFFOSSES;Mer
GENETS;Mer
GLATIGNY;Mer
GOUBERVILLE;Mer
GOUVILLE-SUR-MER;Mer
GRANVILLE;Mer
GREVILLE-HAGUE;Mer
HAUTEVILLE-SUR-MER;Mer
HEAUVILLE;Mer
HERQUEVILLE;Mer
HEUGUEVILLE-SUR-SIENNE;Mer
HUISNES-SUR-MER;Mer
JOBOURG;Mer
LESSAY;Mer
LESTRE;Mer
LINGREVILLE;Mer
MARCEY-LES-GREVES;Mer
MAUPERTUS-SUR-MER;Mer
LES MOITIERS-D'ALLONNE;Mer
MONTCHATON;Mer
MONTFARVILLE;Mer
MONTMARTIN-SUR-MER;Mer
LE MONT-SAINT-MICHEL;Mer
MORSALINES;Mer
NEVILLE-SUR-MER;Mer
OMONVILLE-LA-PETITE;Mer
OMONVILLE-LA-ROGUE;Mer
LES PIEUX;Mer
PIROU;Mer
PONTAUBAULT;Mer
PONTORSON;Mer
PORTBAIL;Mer
QUERQUEVILLE;Mer
QUETTEHOU;Mer
QUINEVILLE;Mer
RAVENOVILLE;Mer
REGNEVILLE-SUR-MER;Mer
RETHOVILLE;Mer
REVILLE;Mer
LE ROZEL;Mer
SAINT-GEORGES-DE-LA-RIVIERE;Mer
SAINT-GERMAIN-DES-VAUX;Mer
SAINT-GERMAIN-DE-VARREVILLE;Mer
SAINT-GERMAIN-SUR-AY;Mer
SAINT-JEAN-DE-LA-RIVIERE;Mer
SAINT-JEAN-LE-THOMAS;Mer
SAINT-Lï-D'OURVILLE;Mer
SAINT-MARCOUF;Mer
SAINTE-MARIE-DU-MONT;Mer
SAINT-MARTIN-DE-VARREVILLE;Mer
SAINT-PAIR-SUR-MER;Mer
SAINT-REMY-DES-LANDES;Mer
SAINT-VAAST-LA-HOUGUE;Mer
SIOUVILLE-HAGUE;Mer
SURTAINVILLE;Mer
SURVILLE;Mer
TOURLAVILLE;Mer
TOURVILLE-SUR-SIENNE;Mer
TREAUVILLE;Mer
URVILLE-NACQUEVILLE;Mer
VAINS;Mer
LE VAL-SAINT-PERE;Mer
VASTEVILLE;Mer
VAUVILLE;Mer
LES VEYS;Mer
AVRANCHES ;Mer
LA HAGUE;Mer
CHERBOURG-EN-COTENTIN;Mer
VICQ-SUR-MER;Mer
GOUVILLE-SUR-MER ;Mer
LA HAYE;Mer
ORVAL-SUR-SIENNE;Mer
PORT-BAIL-SUR-MER ;Mer
QUETTEHOU ;Mer
SAINTE-MERE-EGLISE ;Mer
AMBON;Mer
ARRADON;Mer
ARZON;Mer
AURAY;Mer
BADEN;Mer
BANGOR;Mer
BELZ;Mer
BILLIERS;Mer
BRECH;Mer
CARNAC;Mer
CAUDAN;Mer
CRACH;Mer
DAMGAN;Mer
ERDEVEN;Mer
ETEL;Mer
GAVRES;Mer
GROIX;Mer
GUIDEL;Mer
LE HEZO;Mer
HOEDIC;Mer
ILE-D'HOUAT;Mer
ILE-AUX-MOINES;Mer
ILE-D'ARZ;Mer
KERVIGNAC;Mer
LANDAUL;Mer
LANDEVANT;Mer
LANESTER;Mer
LARMOR-BADEN;Mer
LARMOR-PLAGE;Mer
LOCMARIA;Mer
LOCMARIAQUER;Mer
LOCMIQUELIC;Mer
LOCOAL-MENDON;Mer
LORIENT;Mer
MERLEVENEZ;Mer
MUZILLAC;Mer
NOSTANG;Mer
NOYALO;Mer
LE PALAIS;Mer
PENESTIN;Mer
PLOEMEUR;Mer
PLOUGOUMELEN;Mer
PLOUHARNEL;Mer
PLOUHINEC;Mer
PLUNERET;Mer
PORT-LOUIS;Mer
QUEVEN;Mer
QUIBERON;Mer
RIANTEC;Mer
SAINT-ARMEL;Mer
SAINT-GILDAS-DE-RHUYS;Mer
SAINTE-HELENE;Mer
SAINT-PHILIBERT;Mer
SAINT-PIERRE-QUIBERON;Mer
SARZEAU;Mer
SAUZON;Mer
SENE;Mer
SURZUR;Mer
THEIX;Mer
LE TOUR-DU-PARC;Mer
LA TRINITE-SUR-MER;Mer
VANNES;Mer
BONO;Mer
THEIX-NOYALO;Mer
BRAY-DUNES;Mer
DUNKERQUE;Mer
GHYVELDE;Mer
GRANDE-SYNTHE;Mer
GRAND-FORT-PHILIPPE;Mer
GRAVELINES;Mer
LEFFRINCKOUCKE;Mer
LOON-PLAGE;Mer
ZUYDCOOTE;Mer
AMBLETEUSE;Mer
AUDINGHEN;Mer
AUDRESSELLES;Mer
BERCK;Mer
BOULOGNE-SUR-MER;Mer
CALAIS;Mer
CAMIERS;Mer
CONCHIL-LE-TEMPLE;Mer
CUCQ;Mer
DANNES;Mer
EQUIHEN-PLAGE;Mer
ESCALLES;Mer
ETAPLES;Mer
GROFFLIERS;Mer
MARCK;Mer
MERLIMONT;Mer
NEUFCHATEL-HARDELOT;Mer
OYE-PLAGE;Mer
LE PORTEL;Mer
SAINT-ETIENNE-AU-MONT;Mer
SAINT-JOSSE;Mer
SANGATTE;Mer
TARDINGHEN;Mer
LE TOUQUET-PARIS-PLAGE;Mer
WABEN;Mer
WIMEREUX;Mer
WISSANT;Mer
ANGLET;Mer
BIARRITZ;Mer
BIDART;Mer
CIBOURE;Mer
GUETHARY;Mer
HENDAYE;Mer
SAINT-JEAN-DE-LUZ;Mer
URRUGNE;Mer
ARGELES-SUR-MER;Mer
BANYULS-SUR-MER;Mer
LE BARCARES;Mer
CANET-EN-ROUSSILLON;Mer
CERBERE;Mer
COLLIOURE;Mer
ELNE;Mer
PORT-VENDRES;Mer
SAINT-CYPRIEN;Mer
SAINT-HIPPOLYTE;Mer
SAINT-LAURENT-DE-LA-SALANQUE;Mer
SAINTE-MARIE;Mer
SAINT-NAZAIRE;Mer
SALSES-LE-CHATEAU;Mer
TORREILLES;Mer
BELLEVILLE-SUR-MER;Mer
BENOUVILLE;Mer
BERNEVAL-LE-GRAND;Mer
BIVILLE-SUR-MER;Mer
BRACQUEMONT;Mer
CAUVILLE-SUR-MER;Mer
CRIEL-SUR-MER;Mer
CRIQUEBEUF-EN-CAUX;Mer
DIEPPE;Mer
ELETOT;Mer
ETRETAT;Mer
FECAMP;Mer
FLOCQUES;Mer
GONFREVILLE-L'ORCHER;Mer
HAUTOT-SUR-MER;Mer
LE HAVRE;Mer
HEUQUEVILLE;Mer
INGOUVILLE;Mer
LES LOGES;Mer
MANNEVILLE-ES-PLAINS;Mer
OCTEVILLE-SUR-MER;Mer
OUDALLE;Mer
PALUEL;Mer
PENLY;Mer
LA POTERIE-CAP-D'ANTIFER;Mer
QUIBERVILLE;Mer
ROGERVILLE;Mer
SAINTE-ADRESSE;Mer
SAINT-AUBIN-SUR-MER;Mer
SAINT-JOUIN-BRUNEVAL;Mer
SAINT-LEONARD;Mer
SAINTE-MARGUERITE-SUR-MER;Mer
SAINT-MARTIN-AUX-BUNEAUX;Mer
SAINT-MARTIN-EN-CAMPAGNE;Mer
SAINT-PIERRE-EN-PORT;Mer
SAINT-SYLVAIN;Mer
SAINT-VALERY-EN-CAUX;Mer
SAINT-VIGOR-D'YMONVILLE;Mer
SANDOUVILLE;Mer
SASSETOT-LE-MAUCONDUIT;Mer
SENNEVILLE-SUR-FECAMP;Mer
SOTTEVILLE-SUR-MER;Mer
LE TILLEUL;Mer
TOCQUEVILLE-SUR-EU;Mer
LE TREPORT;Mer
VARENGEVILLE-SUR-MER;Mer
VATTETOT-SUR-MER;Mer
VEULES-LES-ROSES;Mer
VEULETTES-SUR-MER;Mer
YPORT;Mer
PETIT-CAUX;Mer
AULT;Mer
BOISMONT;Mer
CAYEUX-SUR-MER;Mer
LE CROTOY;Mer
FAVIERES;Mer
FORT-MAHON-PLAGE;Mer
LANCHERES;Mer
MERS-LES-BAINS;Mer
NOYELLES-SUR-MER;Mer
PENDE;Mer
PONTHOILE;Mer
QUEND;Mer
SAINT-QUENTIN-EN-TOURMONT;Mer
SAINT-QUENTIN-LA-MOTTE-CROIX-AU-BAILLY;Mer
SAINT-VALERY-SUR-SOMME;Mer
WOIGNARUE;Mer
BANDOL;Mer
BORMES-LES-MIMOSAS;Mer
CARQUEIRANNE;Mer
CAVALAIRE-SUR-MER;Mer
COGOLIN;Mer
LA CROIX-VALMER;Mer
FREJUS;Mer
LA GARDE;Mer
GASSIN;Mer
GRIMAUD;Mer
HYERES;Mer
LE LAVANDOU;Mer
LA LONDE-LES-MAURES;Mer
OLLIOULES;Mer
LE PRADET;Mer
RAMATUELLE;Mer
ROQUEBRUNE-SUR-ARGENS;Mer
SAINT-CYR-SUR-MER;Mer
SAINTE-MAXIME;Mer
SAINT-RAPHAèL;Mer
SAINT-TROPEZ;Mer
SANARY-SUR-MER;Mer
LA SEYNE-SUR-MER;Mer
SIX-FOURS-LES-PLAGES;Mer
TOULON;Mer
RAYOL-CANADEL-SUR-MER;Mer
SAINT-MANDRIER-SUR-MER;Mer
L'AIGUILLON-SUR-MER;Mer
BARBATRE;Mer
LA BARRE-DE-MONTS;Mer
BEAUVOIR-SUR-MER;Mer
BOUIN;Mer
BRETIGNOLLES-SUR-MER;Mer
CHAMPAGNE-LES-MARAIS;Mer
CHATEAU-D'OLONNE;Mer
L'EPINE;Mer
LE FENOUILLER;Mer
GRUES;Mer
LA GUERINIERE;Mer
L'ILE-D'YEU;Mer
JARD-SUR-MER;Mer
LONGEVILLE-SUR-MER;Mer
NOIRMOUTIER-EN-L'ILE;Mer
NOTRE-DAME-DE-MONTS;Mer
OLONNE-SUR-MER;Mer
PUYRAVAULT;Mer
LES SABLES-D'OLONNE;Mer
SAINT-GILLES-CROIX-DE-VIE;Mer
SAINT-HILAIRE-DE-RIEZ;Mer
SAINT-JEAN-DE-MONTS;Mer
SAINT-MICHEL-EN-L'HERM;Mer
SAINTE-RADEGONDE-DES-NOYERS;Mer
SAINT-VINCENT-SUR-JARD;Mer
TALMONT-SAINT-HILAIRE;Mer
LA TRANCHE-SUR-MER;Mer
TRIAIZE;Mer
LA FAUTE-SUR-MER;Mer
LES SABLES-D'OLONNE ;Mer
LES ABYMES;Mer
ANSE-BERTRAND;Mer
BAIE-MAHAULT;Mer
BAILLIF;Mer
BASSE-TERRE;Mer
BOUILLANTE;Mer
CAPESTERRE-BELLE-EAU;Mer
CAPESTERRE-DE-MARIE-GALANTE;Mer
GOURBEYRE;Mer
LA DESIRADE;Mer
DESHAIES;Mer
GRAND-BOURG;Mer
LE GOSIER;Mer
GOYAVE;Mer
LAMENTIN;Mer
MORNE-A-L'EAU;Mer
LE MOULE;Mer
PETIT-BOURG;Mer
PETIT-CANAL;Mer
POINTE-A-PITRE;Mer
POINTE-NOIRE;Mer
PORT-LOUIS;Mer
SAINT-FRAN‚OIS;Mer
SAINT-LOUIS;Mer
SAINTE-ANNE;Mer
SAINTE-ROSE;Mer
TERRE-DE-BAS;Mer
TERRE-DE-HAUT;Mer
TROIS-RIVIERES;Mer
VIEUX-FORT;Mer
VIEUX-HABITANTS;Mer
LES ANSES-D'ARLET;Mer
BASSE-POINTE;Mer
LE CARBET;Mer
CASE-PILOTE;Mer
LE DIAMANT;Mer
DUCOS;Mer
FORT-DE-FRANCE;Mer
LE FRAN‚OIS;Mer
GRAND'RIVIERE;Mer
LE LAMENTIN;Mer
LE LORRAIN;Mer
MACOUBA;Mer
LE MARIGOT;Mer
LE MARIN;Mer
LE PRECHEUR;Mer
RIVIERE-PILOTE;Mer
RIVIERE-SALEE;Mer
LE ROBERT;Mer
SAINT-PIERRE;Mer
SAINTE-ANNE;Mer
SAINTE-LUCE;Mer
SAINTE-MARIE;Mer
SCHOELCHER;Mer
LA TRINITE;Mer
LES TROIS-ILETS;Mer
LE VAUCLIN;Mer
BELLEFONTAINE;Mer
REGINA;Mer
CAYENNE;Mer
IRACOUBO;Mer
KOUROU;Mer
MACOURIA;Mer
MANA;Mer
MATOURY;Mer
SAINT-GEORGES;Mer
REMIRE-MONTJOLY;Mer
ROURA;Mer
SINNAMARY;Mer
OUANARY;Mer
AWALA-YALIMAPO;Mer
LES AVIRONS;Mer
BRAS-PANON;Mer
ETANG-SALE;Mer
PETITE-ILE;Mer
LE PORT;Mer
LA POSSESSION;Mer
SAINT-ANDRE;Mer
SAINT-BENOëT;Mer
SAINT-DENIS;Mer
SAINT-JOSEPH;Mer
SAINT-LEU;Mer
SAINT-LOUIS;Mer
SAINT-PAUL;Mer
SAINT-PIERRE;Mer
SAINT-PHILIPPE;Mer
SAINTE-MARIE;Mer
SAINTE-ROSE;Mer
SAINTE-SUZANNE;Mer
LES TROIS-BASSINS;Mer